{
    "run_1": {
        "seed": 81,
        "NDCG@1": 0.37261146496815284,
        "NDCG@3": 0.4570248988627838,
        "NDCG@5": 0.487562306478863,
        "NDCG@10": 0.530679851824686
    },
    "run_2": {
        "seed": 14,
        "NDCG@1": 0.4033970276008493,
        "NDCG@3": 0.48342631717768847,
        "NDCG@5": 0.5199526684582165,
        "NDCG@10": 0.559976725470324
    },
    "run_3": {
        "seed": 3,
        "NDCG@1": 0.37048832271762205,
        "NDCG@3": 0.45916755618809374,
        "NDCG@5": 0.49363045160878133,
        "NDCG@10": 0.5287444782577787
    },
    "run_4": {
        "seed": 94,
        "NDCG@1": 0.3832271762208068,
        "NDCG@3": 0.4671152978771925,
        "NDCG@5": 0.5036946403646325,
        "NDCG@10": 0.5412697894593897
    },
    "run_5": {
        "seed": 35,
        "NDCG@1": 0.3832271762208068,
        "NDCG@3": 0.4762476037148869,
        "NDCG@5": 0.5169240744474604,
        "NDCG@10": 0.5504481189555543
    }
}