{
    "run_1": {
        "seed": 81,
        "NDCG@1": 0.36836518046709127,
        "NDCG@3": 0.4624565849802055,
        "NDCG@5": 0.49994693938504536,
        "NDCG@10": 0.5348000030633155
    },
    "run_2": {
        "seed": 14,
        "NDCG@1": 0.36942675159235666,
        "NDCG@3": 0.46763121664642515,
        "NDCG@5": 0.5006717625505689,
        "NDCG@10": 0.5380608301959688
    },
    "run_3": {
        "seed": 3,
        "NDCG@1": 0.37048832271762205,
        "NDCG@3": 0.4545513806007405,
        "NDCG@5": 0.4911677065238639,
        "NDCG@10": 0.5313934955290421
    },
    "run_4": {
        "seed": 94,
        "NDCG@1": 0.3874734607218684,
        "NDCG@3": 0.4703111489232826,
        "NDCG@5": 0.5023077283068748,
        "NDCG@10": 0.5432439097777487
    },
    "run_5": {
        "seed": 35,
        "NDCG@1": 0.3970276008492569,
        "NDCG@3": 0.47106373755125164,
        "NDCG@5": 0.511990150927844,
        "NDCG@10": 0.5513466749399116
    }
}