{
    "run_1": {
        "seed": 81,
        "NDCG@1": 0.386411889596603,
        "NDCG@3": 0.4746415649619174,
        "NDCG@5": 0.504326998259568,
        "NDCG@10": 0.5410224198491322
    },
    "run_2": {
        "seed": 14,
        "NDCG@1": 0.3885350318471338,
        "NDCG@3": 0.45992520881454324,
        "NDCG@5": 0.4910922312029661,
        "NDCG@10": 0.5289646853616893
    },
    "run_3": {
        "seed": 3,
        "NDCG@1": 0.39596602972399153,
        "NDCG@3": 0.47900275184274904,
        "NDCG@5": 0.5142048581265185,
        "NDCG@10": 0.5511549027310537
    },
    "run_4": {
        "seed": 94,
        "NDCG@1": 0.37579617834394907,
        "NDCG@3": 0.4618542718152009,
        "NDCG@5": 0.4983948466655848,
        "NDCG@10": 0.5330165882771185
    },
    "run_5": {
        "seed": 35,
        "NDCG@1": 0.39065817409766457,
        "NDCG@3": 0.47606969768407104,
        "NDCG@5": 0.512945440665459,
        "NDCG@10": 0.5509918561932251
    }
}