{
    "run_1": {
        "seed": 81,
        "NDCG@1": 0.35774946921443734,
        "NDCG@3": 0.44677235131951526,
        "NDCG@5": 0.47865887006473967,
        "NDCG@10": 0.5142717736507051
    },
    "run_2": {
        "seed": 14,
        "NDCG@1": 0.35987261146496813,
        "NDCG@3": 0.4383030140905212,
        "NDCG@5": 0.46416325572916234,
        "NDCG@10": 0.5004495749622915
    },
    "run_3": {
        "seed": 3,
        "NDCG@1": 0.37261146496815284,
        "NDCG@3": 0.4513318412483844,
        "NDCG@5": 0.48882132556433655,
        "NDCG@10": 0.5309539137858964
    },
    "run_4": {
        "seed": 94,
        "NDCG@1": 0.3885350318471338,
        "NDCG@3": 0.4771562075679164,
        "NDCG@5": 0.5133907010122011,
        "NDCG@10": 0.5517994979375082
    },
    "run_5": {
        "seed": 35,
        "NDCG@1": 0.39490445859872614,
        "NDCG@3": 0.4781773443440588,
        "NDCG@5": 0.5112808590133971,
        "NDCG@10": 0.547135252680031
    }
}